{
  "1": {
    "ime": "Nemanja",
    "prezime": "Nesic",
    "email": "nemanjanesic642@gmail.com",
    "telefon": "0628381090",
    "paketi": [
      {
        "naziv": "Single Video Edit",
        "cena": "0",
        "datum_pocetka": "2025-12-01",
        "datum_dodele": "2025-12-01 12:46:08"
      },
      {
        "naziv": "jabuka",
        "cena": "546.99",
        "datum_pocetka": "2025-12-01",
        "datum_dodele": "2025-12-01 17:37:54"
      }
    ],
    "beleske": []
  },
  "2": {
    "ime": "a",
    "prezime": "a",
    "email": "a",
    "telefon": "a",
    "paketi": [],
    "beleske": [],
    "kreiran": "2025-12-01 18:31:50"
  },
  "3": {
    "ime": "b",
    "prezime": "b",
    "email": "b",
    "telefon": "b",
    "paketi": [],
    "beleske": [],
    "kreiran": "2025-12-01 18:37:16"
  }
}