{
  "1": {
    "datum": "20.11.2025",
    "klijent": "Marko Marković",
    "email": "marko@example.com",
    "status": "💬 Odgovoreno",
    "odgovor": true,
    "napomene": "Zainteresovan za premium paket"
  },
  "2": {
    "datum": "22.11.2025",
    "klijent": "Ana Anić",
    "email": "ana@example.com",
    "status": "📤 Poslato",
    "odgovor": false,
    "napomene": ""
  },
  "3": {
    "datum": "25.11.2025",
    "klijent": "Petar Petrović",
    "email": "petar@example.com",
    "status": "👀 Viđeno",
    "odgovor": false,
    "napomene": "Razgovor zakazan za sledeću nedelju"
  },
  "4": {
    "datum": "28.11.2025",
    "klijent": "Jovana Jovanović",
    "email": "jovana@example.com",
    "status": "💬 Odgovoreno",
    "odgovor": true,
    "napomene": "Potpisala ugovor"
  },
  "5": {
    "datum": "01.12.2025",
    "klijent": "Stefan Stefanović",
    "email": "stefan@example.com",
    "status": "📤 Poslato",
    "odgovor": false,
    "napomene": ""
  }
}